{"sections":{"image_banner":{"type":"image-banner","custom_css":[],"settings":{"image":"shopify:\/\/shop_images\/01.png","image_2":"shopify:\/\/shop_images\/02.png","image_overlay_opacity":20,"image_height":"small","desktop_content_position":"top-center","show_text_box":false,"desktop_content_alignment":"left","color_scheme":"inverse","image_behavior":"none","mobile_content_alignment":"center","stack_images_on_mobile":false,"show_text_below":false}},"b17050a2-f05f-4024-ad69-6c8a6c443461":{"type":"custom-liquid","custom_css":[".hero-h1 {font-size: 50px; font-color: brown; font-style: italic; padding-left: 20px;}","button {padding-left: 20px;}",".hero-btn {background-color: white; padding-left: 20px; padding-right: 20px; padding-top: 10px; padding-bottom: 10px; font-size: 15px; border-radius: 7px;}"],"settings":{"custom_liquid":"<div>\n  <div>\n    <h1 class=\"hero-h1\">Fresh. \n    Modern. Stylistic.<\/h1>\n  <\/div>\n  <button class=\"hero-btn\">Shop \n  All<\/button>\n<\/div>","color_scheme":"","padding_top":20,"padding_bottom":20}},"featured_collection":{"type":"featured-collection","settings":{"title":"Featured products","heading_size":"h2","description":"<p>Yo try out this new shit<\/p>","show_description":false,"description_style":"body","collection":"all","products_to_show":8,"columns_desktop":4,"full_width":false,"show_view_all":true,"view_all_style":"solid","enable_desktop_slider":false,"color_scheme":"background-1","image_ratio":"adapt","image_shape":"default","show_secondary_image":true,"show_vendor":false,"show_rating":false,"enable_quick_add":false,"columns_mobile":"2","swipe_on_mobile":false,"padding_top":44,"padding_bottom":36}},"afb1339c-5141-4a91-831b-14cdcf37b401":{"type":"rich-text","blocks":{"template--20823298834718__afb1339c-5141-4a91-831b-14cdcf37b401-heading-1":{"type":"heading","settings":{"heading":"What is Panderson?","heading_size":"h1"}},"template--20823298834718__afb1339c-5141-4a91-831b-14cdcf37b401-text-1":{"type":"text","settings":{"text":"<p>panderson the comforting embroidered little cutie animals we all know and love brought to life with the help of an embroidery machine for me n' you and u and me and all of you and all of me to enjoy  ! ! ! !<\/p><p>someone once told me that i remind them of a red panda! im sure this has also happened to you too so what better way to embrace the red panda than start a clothing line for all of those who are or who want to be a red panda ฅʕ·͡ᴥ·ʔฅ this is for YOU.<\/p><p>while we all might not be red pandas that is OK! i know many people who are just as great as red pandas just a little different 🦝 if you know what i mean. so DONT WORRY we got chu <\/p>"}},"template--20823298834718__afb1339c-5141-4a91-831b-14cdcf37b401-button-1":{"type":"button","settings":{"button_label":"Button label","button_link":"","button_style_secondary":false,"button_label_2":"","button_link_2":"","button_style_secondary_2":false}},"5fbdc120-46b6-43c9-9fa5-81e75e3f1794":{"type":"caption","settings":{"caption":"\"red pandas make me happy\"","text_style":"caption-with-letter-spacing","text_size":"medium"}}},"block_order":["template--20823298834718__afb1339c-5141-4a91-831b-14cdcf37b401-heading-1","template--20823298834718__afb1339c-5141-4a91-831b-14cdcf37b401-text-1","template--20823298834718__afb1339c-5141-4a91-831b-14cdcf37b401-button-1","5fbdc120-46b6-43c9-9fa5-81e75e3f1794"],"settings":{"desktop_content_position":"center","content_alignment":"center","color_scheme":"","full_width":true,"padding_top":40,"padding_bottom":52}}},"order":["image_banner","b17050a2-f05f-4024-ad69-6c8a6c443461","featured_collection","afb1339c-5141-4a91-831b-14cdcf37b401"]}